"asc_acc","asc_brk","speed_acc","speed_brk","nodv_acc","nodv_brk","dist_acc","dist_brk","time_acc","time_brk","asc_llc","asc_rlc","oldAge_llc","oldAge_rlc","oldAge_acc","oldAge_brk","speed_llc","speed_rlc","nodv_llc","nodv_rlc","dist_llc","dist_rlc","time_llc","time_rlc","pos_acc","pos_brk","pos_llc","pos_rlc","lambda_1","lambda_2","logLike"
0,0,0,0,0,0,0,0,0,0,0,0,0,0,0,0,0,0,0,0,0,0,0,0,0,0,0,0,1,1,-19306.8171975594
0,0,0,0,0,0,0,0,0,0,0,0,0,0,0,0,0,0,0,0,0,0,0,0,0,0,0,0,1,1,-19306.8171975594
7.92576055973769e-05,0.000425881600007415,0.000328235464170575,0.0019108394626528,0.000315596777945757,0.000604364776983857,0.00142305894754827,0.00940451942943037,8.56534093618393e-05,0.000335454069077969,-0.001165926348418,-0.00114339835010469,-0.000362803181633353,-0.000355635182932019,3.6556800827384e-05,0.000117964800447226,-0.00533900750242174,-0.00523584853671491,-0.00184299523383379,-0.00184657923690975,-0.0252862095292658,-0.0250048706512898,-0.000920396959409118,-0.000908507825806737,-2.25767455995083e-05,3.15667446702719e-05,-0.000131088485941291,-5.11678475886584e-05,1.00035013586655,0.998399298187345,-17764.3444340674
2.36206863132073e-06,0.000410684576863862,-7.48028752230082e-05,0.00177297198615387,0.000371583494287009,0.000190163960472076,-0.00327357896500008,-0.00961109644257364,-4.05972214276907e-05,-0.000343543828288604,-0.00235749200408737,-0.00230689876796656,-0.000745683648900199,-0.000729463196306968,3.49026772884054e-05,0.000107473876080586,-0.0107885591606758,-0.0105569148396217,-0.00349965109100586,-0.00351676907514636,-0.0399180628028159,-0.0393671817596002,-0.00145996701774962,-0.00143594648606525,-7.70480357699853e-05,6.46195900542561e-06,-0.000264247980152197,-7.0497759133284e-05,1.00033178398191,0.996766839997782,-17041.1392902156
-0.000374689336212005,0.000639313591107353,-0.00186712783309465,0.00274534208537605,-0.00014378896276731,0.000205703860359794,-0.0220842955568253,-0.0149670405260159,-0.000665860603524085,-0.000543648328393276,-0.00351788122348998,-0.00343784201948239,-0.00112787945737939,-0.00110203099349189,-4.85932014011632e-05,0.00016547752441239,-0.0160906034167316,-0.0157241793399155,-0.00493619266033598,-0.00497840972155531,-0.0463587282994065,-0.0456033187391088,-0.00170488778859335,-0.00167066543054722,-0.000175022324048669,3.38463961720277e-06,-0.000393355544044765,-6.2696599463272e-05,1.00033195341666,0.995178487255714,-16831.1768570264
-0.00363141394754308,0.0203729120329607,-0.0214744665944442,0.0874046303031378,0.0147536950622251,0.00544025866231168,-0.0188354531698955,-0.0182618552602004,0.00327854843476119,-0.00198860811508262,-0.0817124784697909,-0.0796863072973764,-0.0274367994667812,-0.0267612906979751,0.000898778000318035,0.00520104994847595,-0.373065981569485,-0.363794529644452,-0.0912126879825199,-0.0940527699966561,-0.00191021514429017,0.0042999405599532,-0.0010353679681606,-0.000586425961878037,-0.00493360804025435,-0.000125326103840847,-0.00907331966529839,0.00214642317377868,1.01679249431271,0.888112519480142,-14955.0874135784
-0.0044894155597044,0.0184384690919429,-0.0257344402946841,0.0781367730924995,0.0150940868870745,0.00168714001877289,-0.0185039270051532,-0.0172740744016821,0.00356527784998334,-0.00208948643460941,-0.0847837367010571,-0.0829291051414606,-0.0284807992534155,-0.0278507889030568,0.000758534391738304,0.00443946613930248,-0.387061686845197,-0.378583038327091,-0.0941734995451188,-0.0978298661686005,0.00973079846193225,-0.0040340318085859,-0.000665361727588759,-0.000903377593571214,-0.00533729566655677,-0.000481968440380073,-0.00945849962276021,0.00256298880688219,1.01572313214755,0.883770674314132,-14929.4161008306
-0.0122312041120929,-0.00325252935314797,-0.0634922282727984,-0.0240642335064156,0.0154013502186377,-0.0346404767447067,-0.0155807139911666,-0.00717880573958339,0.00559380726899916,-0.00278943507825359,-0.101066935191087,-0.0983522535132731,-0.0340149626766953,-0.0331003194993938,-0.000796769217417027,-0.00362309010996935,-0.461213873767267,-0.448793748451997,-0.109012334262031,-0.114393804044375,0.0154953106693978,0.00535663458084068,-0.000638356142451326,-0.000642634116896805,-0.00834191810874252,-0.00382947313768531,-0.0116957216108268,0.00634267062999708,1.0025212694404,0.862538471026768,-14398.8217286819
-0.0503456236605221,-0.00622362096151574,-0.243372043818579,-0.044480061828089,-0.00991965726475051,-0.0496512134273692,0.00193177771406344,-0.0044324143421549,0.010664695174194,-0.00454208046437723,-0.109086284029006,-0.108151289548236,-0.0372233507177843,-0.0367016107699942,-0.0110226240869132,-0.00693482756866875,-0.49727594332516,-0.492858040525142,-0.102061104275165,-0.119500279153924,0.0178908448985894,0.00881263849151115,0.000335072052947514,-0.000272665051596785,-0.0173330657811519,-0.00689556186093573,-0.014178864706603,0.0186050082215078,0.976958809846324,0.850129405136455,-14372.6825142596
-0.0783738195716193,0.0145960576168899,-0.476087836393052,-0.0788815301760037,0.408373608291949,-0.139355245796077,-0.00187641077837935,-0.00306182286621985,0.105767885610131,-0.0374680563558631,-0.10693511944827,-0.143089324900343,-0.0475164465171407,-0.0552498397331002,0.0271472943030087,-0.0485739062209243,-0.476101946491364,-0.638268495144136,0.237133873004483,-0.0217485155812963,0.00469549840200791,0.0142122600451075,0.0238385025017735,0.0075558471907276,-0.117091731984337,-0.0568703237518175,-0.0486933400801612,0.273023629877854,1.42915075416634,0.814559677365157,-14336.3673675727
-0.101282505741459,0.0341024665955683,-0.678582830278362,-0.116914411238151,0.728152977003619,-0.169809421623645,-0.00376312650600265,-0.00319341646440459,0.191739759525492,-0.065014571645934,-0.149420491060326,-0.12910348026069,-0.0677855840671239,-0.0577341115573651,0.0671352016999531,-0.0873920645090595,-0.657988787973559,-0.560880215786315,0.440062479869489,0.136758668018468,0.0100249438218252,0.0017373331622934,0.0411546868578138,0.0167488989377033,-0.208088900853404,-0.104393471913416,-0.0874746109824643,0.52411587115406,1.85224555185126,0.821169190087496,-14203.9485566328
-0.102360232250647,0.0618264850919624,-0.819680575699231,-0.221315969231218,0.543501769979999,-0.109553336414787,0.00520937179889669,-0.00446459134614088,0.283796981481572,-0.0889454650338873,-0.159591652900587,-0.145794405790313,-0.0571565503154278,-0.0702364387488103,0.16999136785759,-0.124323012458646,-0.677163169660055,-0.612717608611438,0.487328054050424,0.294004890561395,0.00891801879020159,-0.000867956092203849,0.049342913284499,0.0286127191702829,-0.308644296406198,-0.151695918416267,-0.130040932040364,0.89903948229077,2.54006897364216,0.783857504216931,-14080.2332251352
-0.0985521397856844,0.100616242549768,-0.917618467319557,-0.242680858158528,0.611290713096533,-0.166246142832103,0.00553862723543841,-0.0041970629951794,0.348689617618781,-0.100019327475923,-0.149364936567825,-0.150249638572762,-0.0209525236923835,-0.0608194979003533,0.224825024590909,-0.134458815685129,-0.599392970456658,-0.606206350942368,0.209975919457321,0.233124802926459,0.0127098053713598,0.0016599817906302,0.033832970776024,0.031341127460469,-0.347674310010884,-0.133627277494203,-0.139491629551662,1.12979470515255,2.81878064872531,0.770507898870352,-14029.2171248526
-0.0838344687214902,0.142038464725983,-0.937248573390321,-0.222011557012371,0.577957912932847,-0.302156014292421,0.0060017530818671,-0.00259857350597604,0.375645497332602,-0.110552410241072,-0.155567578039844,-0.147907136466553,-0.0145596733272312,-0.0403393653354687,0.264111382998992,-0.133831379603329,-0.609932089987637,-0.567822260101956,0.194472593257614,0.102840464519406,0.0136361612043845,0.00227230402707766,0.0341741042977294,0.0304571310898407,-0.344234183692959,-0.0809636709049482,-0.132985830855021,1.2319186600165,2.91227211431075,0.813043360254917,-14018.4367333085
-0.068032656298008,0.17742425765381,-0.95370035148388,-0.244696478842382,0.57945019684582,-0.266336038016393,0.00591437535750035,-0.00284082896831419,0.392860868122256,-0.117847803831265,-0.16094801219148,-0.153433975448363,-0.0090434285398642,-0.0224145407572517,0.291756385443406,-0.147892945909319,-0.617221341233798,-0.561899912635693,0.200405932679683,-0.00368707109286037,0.0135442378921251,0.00440541106771344,0.0371765219654645,0.0301366631506673,-0.329042545865286,-0.0204507260321604,-0.119513247132668,1.28789267883536,2.94913240581408,0.895124129124386,-14011.4844237121
0.0175322806001092,0.363800443963435,-0.972821223227579,-0.271246890765136,0.573080997835825,-0.307950329104265,0.00403573512218388,-0.00099153438351685,0.437330928770624,-0.162599361088089,-0.180444596412949,-0.205902528917855,0.0271531347320727,0.0116168415925109,0.387523493855972,-0.203340192917895,-0.624137206546751,-0.652100106395039,0.169491493955924,0.0773484147367493,0.0115426742728738,0.00417635059666524,0.0546245430478222,0.0368778257955874,-0.268198845336312,0.212893281560857,-0.0561797829171089,1.42620325320427,2.93482719938414,1.19146286683141,-14005.4507578581
0.52234521645284,1.42379359856494,-0.940461362026485,-0.454579121625581,0.516659713148607,-0.224760666825921,-0.00507969557213447,0.00911362711574053,0.512880904502184,-0.448704793309348,-0.285267661935686,-0.412719325287669,0.171995811064461,0.105473957853282,0.699025320548945,-0.346483415015376,-0.617886332762942,-0.703771162303672,0.252197515170715,0.153318583844475,0.00411521841702008,0.00525826105562654,0.150989015281361,0.00161469105198796,-0.434192512423431,0.147935252800317,0.156674913672512,2.28886864940191,2.41162584907792,1.28454828388914,-14000.9385161014
1.59546702035988,3.75217262367145,-1.12321846410614,-0.983197737859515,0.47018623042894,-0.149145848868542,-0.0154884145299854,0.0279672748267743,0.744199594433492,-1.01178802062532,-0.523414252254972,-0.840375080173607,0.198683773400808,0.136407214443456,0.686361203529748,-0.221326870580898,-0.558793715605999,-0.580959676508456,0.272052297515214,0.167101228702042,-0.00120350092245607,0.0100985057101059,0.25494124217058,-0.194440631714361,-0.422513071935586,0.278158333288431,0.0215907480292259,2.28423401864858,2.30184276906266,1.07614315994128,-13891.002706831
3.69094381978072,8.34187535109529,-1.47872360419949,-1.93367031317594,0.335075977651333,-0.166323165135223,-0.025444082702774,0.0649712849926775,0.973416559616487,-2.09559948322932,-0.995850710251867,-1.69414010820513,0.227815700074789,0.19781472525638,0.202832927753434,-0.602288903545496,-0.456524385598289,-0.438299563162415,0.18306710380759,0.0851734987286219,-0.00974115444034286,0.0190924136564106,0.388844527709487,-0.462558540361786,-0.660624290038663,-0.228152201064929,0.150718691974016,1.99680478973147,2.29461915769986,1.27081514266189,-13787.5842344137
4.19375136427489,9.49568627683015,-1.60395066320601,-2.20373316940927,0.343833623037439,-0.17775079032449,-0.0167619578540174,0.0696262563902427,0.719796856179379,-2.22943962802892,-1.11520295845784,-1.90547316965553,0.0497097928175334,0.0726741828077685,0.302815772701931,-0.271261858244948,-0.425542520487971,-0.419924322963053,0.143007573111121,0.0633725531468886,-0.00967125700441449,0.0170093554459441,0.34570076751172,-0.401842861935002,-0.664581147471787,-0.497521208332972,0.373419414374633,1.91386292063297,2.34415730493773,1.43680910765105,-13758.9238996232
5.25240439027845,12.0902989183969,-1.89386233237685,-2.78062873980695,0.430864493331008,-0.175536189491053,0.044298052755885,0.0494682268333413,-1.018088712097,-1.69094997192491,-1.3870197887904,-2.31804425764374,-0.390618418094518,-0.374364000406698,0.00542291153004992,-0.526695702378475,-0.343298263016047,-0.226544304661544,0.170189218384468,0.0539588421254014,0.0057892323910503,-0.0100359529898637,-0.15148999154628,0.260954039372255,0.152002366372102,-0.401751160732685,0.942969860541938,2.14922283594298,2.55152212561917,1.05564852999508,-13736.1700539589
5.74349724438659,13.1677593699942,-2.0417510014277,-3.0119669532852,0.46468526739366,-0.197949171422583,0.0594064638494025,0.00440342600294363,-1.45373982964432,-0.416075102405573,-1.50603533528095,-2.49934601484819,0.1629124433626,-0.0309508280439638,0.325129770942391,-0.594224955572593,-0.372444088121457,-0.195935349737747,0.24927084594704,0.0514078634787354,0.0232002615545381,-0.0320742805387794,-0.694631389423953,0.869336916177951,0.214704383183484,-0.532000721104476,0.806771971370283,1.9659865978059,2.61427909802959,0.946924598507494,-13702.7878379646
5.7667958479805,12.9943528537535,-2.00950652095416,-2.98618949634802,0.44825583935928,-0.187872884950337,0.0653078776213908,0.00218346944616381,-1.6395848922764,-0.353179727541192,-1.45370459892334,-2.53942132915099,0.0598529854487109,0.196123169415189,0.167698729548433,-0.478266535676537,-0.370110725008009,-0.222719693153327,0.241177015367572,0.0499819579116699,0.0232100988753593,-0.0373999111823404,-0.716623826902512,1.03139528093693,-0.162479718513608,-0.373537510672114,0.519148951747614,2.01170803411118,2.58612502162142,0.980347343776011,-13674.9476717686
5.42978707739142,7.914254618606,-1.67403662178333,-1.96013591260486,0.174704065041689,-0.00718136742420253,0.015556625637869,0.0125414581765566,-0.417147561266206,-0.676394172540732,-0.349424728130249,-2.95642037652292,0.899939038462959,-2.37447333016388,-0.0307789321926437,-0.147967618801525,-0.703310918182709,0.0795439322023922,0.254884843281774,-0.199525730429455,-0.00476571100880128,-0.0254183527003957,-0.0472953291143839,0.665731050364884,-1.84702361313515,0.802505664275072,-0.274491423212753,1.88484200073558,2.31747549689971,0.771483432561071,-13668.6615159176
5.13658975151654,4.21497077075995,-1.50006345471247,-1.14552674701687,0.0198313731573643,0.0605629487443046,-0.0351257870264696,0.0262837928822645,0.840299135015221,-1.06237143724458,0.447308699827226,-3.32607933102836,0.270360750429999,-2.48579578294796,0.0996032513155654,-0.0561511678606808,-0.818444982960937,0.0331142682813954,0.166114323137148,-0.217466316174602,-0.0262987956869276,0.00660454037901857,0.442693814246795,-0.207714658607576,-0.556450159093702,0.211022023997422,-1.77961805329913,2.23130926903888,2.08456550625423,0.995818747387035,-13504.9667239512
4.99698014403673,3.56023483273478,-1.53707696608209,-1.04999791495673,0.0555562065264007,0.0925121898726168,-0.02693124914179,0.0445191163935996,0.646323617122532,-1.59047725755464,0.584014775097544,-3.43764405604918,0.783117074860911,-1.55086165101438,0.17562138869623,0.141080068421166,-0.915464936984938,0.0377506912820538,0.179260579991231,-0.156644731694804,-0.0312687786816309,0.0215997875222562,0.629475853540198,-0.693289848549806,-0.201125161773694,0.235262419549871,-1.18979152108425,2.09566251463378,2.27188466093192,0.749537678846935,-13471.0866773731
4.97627565249828,3.53949764429485,-1.55687417268028,-1.06375131486581,0.0649777059861363,0.108225013670126,-0.0338923189054734,0.037378379123665,0.870817724331019,-1.38978394687875,0.59799863371188,-3.53632960975333,0.387782890919238,-1.01538759116249,0.227144400207385,0.107285630974539,-0.909932050014195,0.0562075312761762,0.182136441943305,-0.0913228569932854,-0.0246232134733425,0.0394453199913368,0.470087541194922,-1.24869364168575,-0.347095373885431,0.432637942460525,-0.505415596984948,2.02884269953259,2.35078157424971,0.560126139507591,-13442.547814917
4.95643541960954,5.03339954327209,-1.57406112853638,-1.42936074659044,0.149713069297434,0.0351887201698952,-0.0171784436502714,0.0414786984261022,0.442293681107365,-1.43370605850327,0.175808684647794,-3.94805996037967,0.742230853116201,-0.492805973199575,-0.352649007597007,0.572599375955367,-0.954360356183336,-0.0529656506029848,0.343310518291149,0.00574589279482,0.0448750348737731,0.099872410461361,-1.54741078147531,-2.92551555372528,-0.75765753474801,0.634885911378699,-0.149750297978083,2.5393959759545,2.52931824360625,1.11136803093003,-13412.1797976288
4.90789081115118,6.0151721594903,-1.69205751837077,-1.60576423171818,0.245466752672296,-0.0234552209916761,0.00360015966472576,0.0611067951436187,-0.0795515005415417,-1.95918930900369,-0.0320739498677528,-4.12546322581822,0.5438108545975,-0.216160328234606,0.598429224932794,0.00748515138031058,-0.914958816776533,-0.0384957326075433,0.330069356176335,-0.0139495779753672,0.071431109915653,0.105862379225528,-2.26173538500092,-3.07873872535048,-1.16513866996728,0.745731762963017,-0.238878387956832,2.30301630792295,2.67465199092741,1.21263822179327,-13397.6375964303
5.07409865015489,8.73553714126182,-1.82757505276662,-2.21669052546583,0.331275632200562,-0.100173213467911,-0.028789680924096,0.0771465480820107,0.941491260424011,-2.30558834198685,-0.262972144695853,-4.2945473606032,0.0365687146379695,0.485851145501555,0.38950710862877,-0.00608164064905743,-0.864552885122379,-0.0324976123139013,0.271116959003716,-0.0425407984776748,0.0319752781443475,-0.03238343362603,-1.0520250600399,0.812095460200438,-0.778113740092351,0.650918334137883,0.705114419198556,2.38235021675517,2.90696100815918,1.11574015780742,-13321.035298533
4.87627547548502,9.60253584803569,-1.82151956064986,-2.38381086419269,0.39935033657693,-0.198475776259416,-0.00183132731722629,0.0373035113523415,0.192914450661681,-1.11263146750986,-0.162758450384094,-4.67135372021526,0.0948332003333651,0.241875743437675,0.327446775760624,-0.111772650996453,-0.874588063156641,0.0256676372910534,0.141716062426163,-0.0762022606745297,-0.0384023587696357,-0.0141539542740175,1.00645820667872,0.319692061562753,-0.7046206666613,0.393295068333929,0.192036821259836,2.54802633297254,2.99139768236987,1.29070837158049,-13289.797142199
3.56533872047995,9.73432364866,-1.30256821044621,-2.35411261502161,0.280495657675915,-0.10602280826727,-0.0126565542496713,0.0544609875136034,0.237345969586024,-1.49670496297403,-0.538528689776972,-6.29359942059431,-0.321233221924241,-0.443716074733701,0.00607384141516926,-0.27766397481343,-0.741971210225205,0.348890077437577,0.383249007544781,0.00880373683905017,0.0770239956223369,0.0148995172677771,-2.50746923603301,-0.433594367792033,0.37103791941449,-0.445897943374681,-1.0208525629061,3.28192369906899,2.35802038477535,1.0088158500104,-13274.1212743231
3.33996932070371,8.26258510179546,-1.27766842070489,-2.08325659388733,0.253559067098275,-0.085393563094813,-0.018936851974406,0.0446222397976551,0.436042633876895,-1.2618568544286,-0.40296310765096,-6.35592853485264,0.13492298297249,-0.201562375176007,0.199807837119594,-0.0936827892534571,-0.841987078899025,0.31041313722353,0.273940059777487,-0.066274282778061,0.0093171478808601,-0.00734577078277498,-0.549365274686872,0.147778427735095,-0.336367255805794,0.0188097945815071,-0.752604374913533,3.14471175133129,2.52201618068024,1.30628224803469,-13217.8924376636
3.20880659187821,8.75157151532031,-1.22450477392824,-2.18726305724841,0.253687761792283,-0.0864116728611258,-0.0191146400775784,0.043954416777498,0.414895136421188,-1.18998605807444,-0.562492565370565,-6.86643190420288,0.1108404964501,-0.0526003349430475,0.205091148486999,-0.114539522415824,-0.812111026470236,0.384453303599109,0.266338869565921,-0.0571691539131298,-0.00284494508194987,-0.0100608905011842,-0.189977236612154,0.233573861461061,-0.265645853825829,0.0171562633805168,-0.859758048711473,3.30859607942608,2.4275922965084,1.34219219583428,-13213.0230732644
3.03856286417856,8.86160853614032,-1.18067788241589,-2.21324500024663,0.258099928668355,-0.0899832421416205,-0.0203000355734886,0.0437117982811076,0.438247449003279,-1.15828870098531,-0.831151239792848,-7.55525552086647,0.186645768275524,-0.0439467408111403,0.18774530802356,-0.120935405753417,-0.77047068241631,0.501870279245669,0.275466452725721,-0.0582776485937733,-0.00694852135690688,-0.0133125774967617,-0.0705935591948391,0.325407591796796,-0.231650382429129,0.0200457440582373,-1.0521439214471,3.45544101554585,2.40131989959905,1.41861238888614,-13211.1584074442
2.89872534422808,8.9404019027926,-1.15134042158024,-2.23493592696784,0.263064016623511,-0.0902049750400111,-0.021374419173932,0.0439475347333302,0.465042895964129,-1.15687484604881,-1.26898578385179,-8.6146394584374,0.325946873606279,-0.0646339498139069,0.185283943713079,-0.129723382508282,-0.701915417910245,0.69053737414836,0.293475074595132,-0.0626724317274078,-0.00873245016609043,-0.0172555246478741,-0.020997422830206,0.424057969201749,-0.229765020778208,0.0323260643097922,-1.32759509073606,3.62823835427319,2.40992687308066,1.5456621657244,-13209.4227989776
2.75229598009076,9.01213640578449,-1.12900050736722,-2.25612589528548,0.268147856623794,-0.091267831123933,-0.0223251524127348,0.0446925693664163,0.497205701076949,-1.18482881915027,-1.88060047618272,-10.0436428484186,0.488872311389928,-0.111072948454474,0.194317309954013,-0.139622823032104,-0.602165720948523,0.950631634651869,0.315011570832471,-0.0689261541065466,-0.00943999073175456,-0.0221182317974393,0.000637873905616142,0.535536869720884,-0.251236117884887,0.046240977301538,-1.66700646283391,3.82515370128095,2.45521877277264,1.72549617014474,-13207.8244818354
2.64429046665354,9.03865456184033,-1.11334376210591,-2.26502555349447,0.268706338597642,-0.0914933677320518,-0.0228505980224721,0.04540886849867,0.518435963081185,-1.21800431538116,-2.35037689277451,-11.0982109960999,0.550266085940517,-0.146533425654953,0.204749622690474,-0.143278670418907,-0.520169293037627,1.14403145735124,0.325307579258065,-0.070015680276153,-0.0103384438073959,-0.025837234974144,0.0338864721300184,0.615082941166582,-0.274010981888697,0.0504633697068805,-1.87148454987974,3.95221252286883,2.49619142885404,1.86556484920902,-13206.7980058028
2.53524444308034,9.0289811472763,-1.10275943348431,-2.26601894082671,0.270297814368364,-0.0938614438991717,-0.0228571329009126,0.0460274870229493,0.531857110242779,-1.25252301397057,-2.88525136437441,-12.2688682900356,0.544970430453532,-0.176308522433253,0.213709886022621,-0.143964112959021,-0.422304556950307,1.35721736795169,0.329933218678439,-0.0642624345722355,-0.0119871248568047,-0.0297874262590982,0.103276219663616,0.693086904716882,-0.293367837804376,0.0495262624872049,-2.03503573694452,4.08974113005866,2.55361448763296,2.03481582617315,-13205.6725312487
2.47386195617333,8.98175548067888,-1.09453515599531,-2.25769196636338,0.267403303540562,-0.0930820768765151,-0.0229889023087536,0.046734722311296,0.541809534334075,-1.2817714792071,-3.28209517072391,-13.187286941219,0.482175817041568,-0.192044173118222,0.2166390026524,-0.139496519603699,-0.348244066591526,1.51729858056138,0.326323174134572,-0.0517166568832024,-0.0153216719120106,-0.0323494250591337,0.22974509892312,0.736633254338016,-0.296800670110489,0.0431350573140583,-2.12791995177809,4.21373806899814,2.58206265222409,2.19333839045829,-13204.7982105657
2.47750985670289,8.9052659367002,-1.10098734455386,-2.24259660470497,0.268329570462286,-0.0943088717305375,-0.0225241656641637,0.0463670436899334,0.533372421688584,-1.27195828954189,-3.4720357437554,-13.7510624043416,0.412492024300759,-0.190293823176724,0.211945027547838,-0.136264475309098,-0.31579799486528,1.60525573676051,0.31957628633867,-0.0348958770083608,-0.0174180458693904,-0.0323904345791225,0.325438313878839,0.717060954055947,-0.282568608876715,0.0357624631229879,-2.16000355223483,4.32015361770499,2.60205065137691,2.32844868853766,-13204.204100249
2.5278455718276,8.84987557547708,-1.10731589285174,-2.23085844309511,0.265122430128135,-0.0922681779884984,-0.0228380268073926,0.0465650420030036,0.534102083902018,-1.26938182084272,-3.42532858150348,-13.9602742492412,0.37501814204481,-0.195492165604165,0.208137880905415,-0.132819370233946,-0.333086927653278,1.62176013102215,0.311530172907305,-0.0211895695326487,-0.0185363138966929,-0.0306007757084847,0.386290187275764,0.656936410469488,-0.267390213864851,0.0286161759200317,-2.18874223168416,4.40382475330589,2.5889849743346,2.4389174593887,-13203.8171836082
2.58617835705898,8.79272345952895,-1.12047170588298,-2.2190678797458,0.267589463413032,-0.0936486562857614,-0.0227588095487197,0.0458396864784555,0.524451523399152,-1.23925471211366,-3.18164217844503,-13.9208755977047,0.378455719908028,-0.203367123058196,0.203202636829377,-0.133239018951246,-0.394645058438476,1.58774705150171,0.304378420812702,-0.0104954249679581,-0.0162775047435763,-0.0272843568389137,0.348425568169595,0.558195586501001,-0.253094275658654,0.025848248731384,-2.21078472270965,4.47821558494445,2.58821972879341,2.54132765847839,-13203.4949541146
2.61955023641099,8.78034575359492,-1.12651942173291,-2.21716053646991,0.268684847640681,-0.0941677084180049,-0.0233266875312329,0.0459550033584865,0.529362615039074,-1.23353276821109,-2.78684651241002,-13.7517672754618,0.428580459226767,-0.235521835069862,0.203137789215815,-0.13395634315884,-0.491391020391143,1.52681109015025,0.295675218917708,-0.00826818305025403,-0.0132154413619014,-0.0242329464220494,0.282600118821648,0.470884789166174,-0.251872549821645,0.0275741225879241,-2.27098240658039,4.54966930867799,2.58696616666114,2.64992827680095,-13203.2249093038
2.58817568850011,8.79270836281528,-1.12492326393316,-2.22166159656292,0.27222269423677,-0.0960653714240636,-0.0237148135651955,0.0458944498069891,0.535925809739308,-1.23041293129993,-2.36538499047522,-13.5571209180858,0.497881314960223,-0.274783891788476,0.205564069749603,-0.136728710770049,-0.593929923499478,1.46620896223248,0.287638688917983,-0.0130407070446383,-0.00927158454422599,-0.0226549879816873,0.185017988745388,0.424211727436032,-0.259982950821873,0.0335102987605808,-2.33614684402087,4.60902560732365,2.60924715861148,2.74515679752773,-13203.0409186431
2.52546889230759,8.83569331034915,-1.11570018029378,-2.23263692278171,0.273164526335869,-0.0966409908254825,-0.024158923649818,0.0464120850653114,0.548665391042012,-1.24792570576382,-2.10278392328527,-13.4587359978819,0.536646582935637,-0.305273710686158,0.209954829599302,-0.138675829977948,-0.657002199153093,1.43609396741768,0.281829125334602,-0.0200647939037456,-0.00730712440337838,-0.0231783550297799,0.13437142944021,0.436526306942676,-0.270079131566236,0.037113927753655,-2.38338224062504,4.64041970814372,2.63058556363991,2.79855660951829,-13202.9630349254
2.46243403804515,8.86855058551778,-1.105894114584,-2.24120999380334,0.27359911110295,-0.0969175092366882,-0.0243137153604166,0.0466484627143752,0.55575068827904,-1.25800325935078,-1.95780306303365,-13.4260627243046,0.543605501143592,-0.316474719729502,0.212487140930991,-0.140062525607427,-0.690812717223283,1.42522264031213,0.278498085115508,-0.0240546358296223,-0.00634007406839549,-0.0242806150096368,0.108105752586672,0.464070965277188,-0.274457051036683,0.0382180371525609,-2.4036012531608,4.65638561048904,2.64848779648436,2.82296629650473,-13202.9299648292
2.4134456031966,8.89825467360819,-1.09779815516005,-2.24896380406813,0.273503641812048,-0.097016289813599,-0.0244141573417174,0.0469240244680831,0.56094653427742,-1.26748163419402,-1.83899137218776,-13.4141957620999,0.536892758823136,-0.317807870632009,0.213826103161713,-0.140775759570694,-0.717709845489487,1.4194662919397,0.27602895494212,-0.0255271110120278,-0.00582697718691111,-0.0252756895095757,0.094066419152621,0.488140939407031,-0.275220699392885,0.0378751139179821,-2.41754329549924,4.66909309599469,2.66114433679794,2.83954824940326,-13202.9097744708
2.37977643892548,8.91710146840605,-1.09211760321536,-2.25428402771239,0.273440717325341,-0.097134951926778,-0.0244560206794338,0.0470499446868081,0.563385925450327,-1.27129799490905,-1.71305343636779,-13.3965877780959,0.524680278725658,-0.311338728604402,0.213973417498289,-0.141079953601217,-0.74557559170952,1.41255076065016,0.274222278719507,-0.0246453995844212,-0.00538381845281082,-0.0258731196346664,0.0816795883008798,0.50042363924721,-0.27353143803353,0.0371008422301571,-2.42871573107956,4.67982263763134,2.67022476125816,2.85250033128657,-13202.8943787501
2.36772325983548,8.92697668734351,-1.09043525919741,-2.25744630096587,0.27362424114052,-0.0975140285192716,-0.0244873268455717,0.0471422019726365,0.564415539266317,-1.27296256487995,-1.58125341853576,-13.3644742555034,0.512855589844414,-0.301370459320437,0.21359337087737,-0.141141438887566,-0.774324467460562,1.40335294382455,0.273147798355653,-0.0221700456843698,-0.00498969790352463,-0.0259532857982021,0.0702373112429021,0.498416442970527,-0.271531322299927,0.0364563292396076,-2.43916498420859,4.68586060529533,2.67622781281304,2.86147522730159,-13202.8816685253
2.37088788037647,8.9259550223814,-1.09170519068483,-2.2580330580357,0.274095527114526,-0.0980630487748162,-0.0245257286694031,0.0471631362552235,0.564713499817364,-1.27232915437754,-1.45686730907783,-13.3219841401424,0.504961315697142,-0.291251270589555,0.213153408780066,-0.141148157648852,-0.801209631512921,1.39351618632837,0.272896072868956,-0.0189819741985715,-0.0046857013726892,-0.0256046974769116,0.0605997056027025,0.485027424474585,-0.270512789845416,0.0364439784568174,-2.44825985707811,4.68563027359852,2.68062071253845,2.86573776305678,-13202.8705285603
2.38000494061553,8.91972131522934,-1.09458694229091,-2.25742690125477,0.274901703336415,-0.0988424879542221,-0.0245991174906898,0.0472035220560329,0.565781731510332,-1.27255022408965,-1.3506040412606,-13.2805377620497,0.502720549585304,-0.284532265133725,0.213218420578492,-0.141392079230254,-0.824266142998986,1.38571635408493,0.273367229229037,-0.0160493784398145,-0.00450530122509979,-0.0250162859330616,0.0539182032129033,0.465937368270887,-0.271248171765713,0.0371661762640744,-2.45659489184165,4.67950980627171,2.6860540046883,2.86668434509456,-13202.8598161012
2.38084952212128,8.91230356765858,-1.09644689520477,-2.25677159897208,0.275938016911053,-0.099715417578098,-0.0247373154156091,0.0472777477413196,0.568742533610285,-1.27441942069995,-1.27010846994419,-13.2547737956414,0.506073091167212,-0.282916384047631,0.214050827098881,-0.1420598383576,-0.842284362891547,1.38282005564554,0.274426997018519,-0.0139819515637226,-0.00447996163121929,-0.0244046420135757,0.0513441244071878,0.447245334435849,-0.273528950288245,0.0385256706679981,-2.46455953257724,4.66935193512356,2.69495442640037,2.86671339481503,-13202.8483226194
2.3597792088464,8.91023049233872,-1.0950479251942,-2.25790781318322,0.277306243047096,-0.100786375384992,-0.0249874662345366,0.0474555954882647,0.575146816928169,-1.2798179377007,-1.21573894849655,-13.259098352809,0.514526852413337,-0.287395843851817,0.215892925713408,-0.143399183052563,-0.855863868742012,1.38744178529576,0.27598822758297,-0.0130810140114389,-0.00459333614679796,-0.023921803295786,0.0528929419637939,0.433203547023555,-0.276982664935281,0.0403524677138433,-2.47384255117968,4.65713803303541,2.71087861118563,2.86946040715474,-13202.8340788841
2.29743932919752,8.91909729273259,-1.08712996558469,-2.26270874553702,0.279216149555037,-0.102198457961014,-0.0254315353217063,0.0477848185937463,0.587093699068491,-1.28981881373183,-1.18813369825529,-13.3131634128949,0.527686787835259,-0.298335683865058,0.218979896356075,-0.145678851437889,-0.865890233404242,1.40313406568327,0.278068641802864,-0.0134631578191944,-0.00482203977468665,-0.0237103030822113,0.058453670072724,0.427738589874456,-0.281124894954451,0.0425961974309542,-2.48728409120007,4.64516857557019,2.73892305253061,2.88001048232611,-13202.8143962893
2.17791263921819,8.94546836937657,-1.06996031337587,-2.27314695453772,0.281893283945177,-0.104153244673761,-0.026130544614575,0.0483153246739925,0.606045535106299,-1.30515236897711,-1.19381712643054,-13.4345729912091,0.543587264069507,-0.314377210602922,0.223240998375255,-0.148962070321074,-0.871879919379499,1.43206897346001,0.280412730985398,-0.0151503954632492,-0.00506314712475459,-0.0239479664605208,0.0661569720226565,0.435817504759277,-0.285050870986938,0.0450225250769045,-2.50798238713401,4.63824597704,2.78288346428808,2.90432120812431,-13202.7887682632
2.02259204118636,8.98460556878675,-1.04642165563276,-2.28742128826564,0.284923921139844,-0.106379953499885,-0.0269550433794297,0.0489178686644423,0.627960098774286,-1.32133880388273,-1.23084372205795,-13.5952299222874,0.555817963513708,-0.328127588026143,0.227368229478888,-0.152312011507798,-0.872964928636325,1.46588025400414,0.282107202051504,-0.0172672482800703,-0.00512109272079117,-0.0246328188312228,0.0710176253531977,0.456755966630424,-0.287159950027868,0.046975018215169,-2.53440165188011,4.64222787480568,2.8343027127694,2.94085351409536,-13202.76335483
1.89956325733859,9.01711650903927,-1.02738775605902,-2.29907520476995,0.287371391368437,-0.108243956179927,-0.0275885156588257,0.0493462512754722,0.644015695741003,-1.33149446567401,-1.27307112867692,-13.7087163775302,0.558763168263156,-0.331374501602907,0.229650141642365,-0.154293585403507,-0.870831258106706,1.48637799343994,0.282399783257825,-0.018243967118797,-0.00491652987303937,-0.025303331535099,0.0692158251900501,0.476674864368335,-0.287168096665693,0.0479533788556903,-2.55809230284455,4.65404258007775,2.87343108631666,2.97400275908355,-13202.7467300503
1.83883717035466,9.03117447837843,-1.01822826358589,-2.30461804731617,0.28892412315174,-0.109487778554255,-0.0279305757446935,0.0495374143670422,0.651871245718069,-1.33498195808447,-1.30513673729244,-13.7356253281876,0.555334317811194,-0.326238124777053,0.230265254344982,-0.154858376245687,-0.866928901780515,1.48856933111584,0.281836783918974,-0.0178658005950773,-0.00467042860742812,-0.0255830722284836,0.0647844678296676,0.485100492988971,-0.28679107136596,0.0484139093593331,-2.57319676535736,4.66311793200689,2.89408401377362,2.99145777777047,-13202.7380599118
1.80500899500184,9.03453992714505,-1.01384410458891,-2.30706294475,0.290297512735038,-0.110614804586243,-0.0281823922667608,0.0496541821969434,0.657174170429905,-1.33664266542231,-1.3439159396093,-13.7057822791886,0.549879282850161,-0.317755672617224,0.230522006308429,-0.155003072166167,-0.859420843610959,1.47986836458689,0.280991895494886,-0.0169595937793645,-0.00451307160874259,-0.0255913409810916,0.0615802131295103,0.486204896677475,-0.287219921290632,0.0490912991982037,-2.58464438670555,4.66731613373677,2.90895940146054,2.99867228284326,-13202.7310474661
1.77458254553789,9.03124766253619,-1.01094574604787,-2.30822975232616,0.292006802385935,-0.111988840276788,-0.02848451305071,0.0497939319349021,0.663669389451676,-1.33918613580632,-1.41152760741817,-13.6179291710032,0.543399393878431,-0.306859443148825,0.231177964545945,-0.155302306238385,-0.844289682741735,1.46016108892894,0.279877742728674,-0.0159056311038868,-0.00451331650599299,-0.0253826751122488,0.0616982711474014,0.482210704135711,-0.289143457469572,0.0505117374765825,-2.59624447052565,4.66639114803525,2.92694335259423,2.99836657734462,-13202.7227658472
1.742891350995,9.02469793080849,-1.0086117000174,-2.30887200646954,0.293784330953743,-0.113356395621112,-0.0288314817960582,0.0499852992336165,0.671874868271304,-1.34402090539505,-1.5070012893977,-13.4824068899786,0.538793388795482,-0.29801046928654,0.232678204881805,-0.156157488626225,-0.82201930592791,1.43240819126741,0.278803143739776,-0.0153696545525203,-0.00477962215104388,-0.0249901716960441,0.0679229422364653,0.474026521014207,-0.292590368371904,0.0526429746055964,-2.60576208241645,4.65954941356494,2.94841384544575,2.99034520224632,-13202.714300926
1.70915993451501,9.02128971302035,-1.00579414694566,-2.31008614122697,0.295095517543084,-0.114290289481616,-0.029153872844658,0.0502067078932317,0.680446147747499,-1.35072192504191,-1.60444678330292,-13.344578817923,0.538328183286585,-0.29551920345869,0.234836369204612,-0.157585047769064,-0.799192890266967,1.40560591126945,0.2781770955021,-0.015683804539686,-0.00526759259881082,-0.0245403649634898,0.0795922474955446,0.464136917979473,-0.29624361950683,0.0547812694668232,-2.61045682922256,4.65036896785961,2.96949046124376,2.97940246600555,-13202.7073056238
1.7091615249206,9.02128716706383,-1.00578669240229,-2.31009783069898,0.295097696241862,-0.114293613306692,-0.0291188790741257,0.0501637333867269,0.680447315877464,-1.35072362623297,-1.60444509934132,-13.3445796559084,0.538328824399732,-0.295519906537384,0.234837162765951,-0.157586135190615,-0.799185273505826,1.40560205463007,0.278180855223395,-0.0156856343557145,-0.00524393880752477,-0.0245800912683115,0.0795933208354986,0.464135416557097,-0.296243304715143,0.0547808673124222,-2.61045621419576,4.65036882426364,2.96949146480437,2.97940235054017,-13202.7061396702
1.70916228141623,9.02128627936909,-1.00578313489933,-2.31010189049044,0.295098667849823,-0.114294567607523,-0.029102351296427,0.0501658053245495,0.680447841764838,-1.35072368944586,-1.60444428860187,-13.3445800462641,0.538329133614666,-0.295520247511006,0.234837544839959,-0.157586572959001,-0.799181607634172,1.40560025774739,0.278182665007288,-0.0156864910856977,-0.0052331799864702,-0.0245985575077105,0.0795938175218495,0.464134717555825,-0.296243156172378,0.0547807012216962,-2.61045590763459,4.65036878382126,2.96949214108764,2.97940229264706,-13202.705663663
1.70917007813252,9.02126668102577,-1.00574528836393,-2.31019139642913,0.295100642517541,-0.114317632169742,-0.0291593031244605,0.0501951621768989,0.680443489112948,-1.35072627048481,-1.60442743376773,-13.344587073895,0.538335560201682,-0.295527146705141,0.234843166356469,-0.157596165205179,-0.799105413972664,1.40556789003108,0.278220269504756,-0.0157021632491821,-0.005017162377288,-0.0249282229940674,0.0796039097937996,0.464122154861077,-0.296241044007461,0.0547767449925212,-2.61044928731702,4.65036935128925,2.96949919747151,2.97940143922713,-13202.7042310697
1.70919683730061,9.02122489307769,-1.00561707728038,-2.31038249444461,0.295117964974632,-0.114364173499511,-0.0291497908642613,0.0502185111049625,0.680438213866236,-1.35073424088908,-1.60439201756799,-13.3445873593858,0.53834922111637,-0.295541758026738,0.234860409485115,-0.157617913832699,-0.79894579044836,1.40556640551779,0.278297437914587,-0.0157085585827676,-0.00491719955016378,-0.0248558045687705,0.0796132026666135,0.464122860733454,-0.296240114596358,0.054759678989348,-2.61042791463277,4.65039587167309,2.96952911209681,2.97940077824061,-13202.7037804607
1.70920017200674,9.02122428422933,-1.00560147037675,-2.31038537374632,0.295122518636606,-0.114364209817246,-0.0290859078252402,0.0502048977311576,0.680440331171462,-1.35073499979605,-1.60439130103496,-13.3445876269385,0.538349556874593,-0.295542816225208,0.234862009896875,-0.157618615814408,-0.798942674366727,1.40556516958399,0.278298936569887,-0.0157094749589245,-0.0049794945825823,-0.024856000763313,0.0796112699298562,0.464122716548565,-0.296240010194224,0.0547586532661472,-2.61042641128357,4.65039785300161,2.96953358473289,2.97939970383011,-13202.703506445
1.70920148820232,9.02122244890315,-1.00559513965007,-2.31039381369232,0.29512312879684,-0.114366461203751,-0.0290976703118858,0.0501765211391892,0.680439617866501,-1.35073639049711,-1.60438985328743,-13.3445873156441,0.538350127868775,-0.295543543405956,0.234862904301659,-0.157619627521546,-0.798936180388781,1.40556659196571,0.278302061205559,-0.0157091786850512,-0.00499310879487693,-0.0248330498892805,0.0796110674254723,0.464123438100915,-0.296240090487,0.0547576095508394,-2.61042516966981,4.65039981976386,2.96953534412728,2.97939952820378,-13202.7029666279
1.70920189419238,9.02122254469572,-1.00559299783176,-2.31039338362519,0.295121946956058,-0.114365933733808,-0.0291422247353844,0.0502003993544556,0.680437668571135,-1.3507359573376,-1.60438916169463,-13.3445875490541,0.538350426057825,-0.295544259086635,0.234863416427612,-0.157620004092687,-0.798933127504866,1.40556551266748,0.278303602583727,-0.0157098565549362,-0.00502248921777117,-0.0248355104789837,0.0796102357908713,0.464123264749152,-0.296240139434628,0.0547570421596321,-2.61042418734792,4.65040101551441,2.9695371418117,2.97939890743092,-13202.702415165
1.70920862804419,9.02122164197861,-1.00556087601964,-2.31039775934765,0.295126852210362,-0.114365310913752,-0.0291345307528533,0.0501925516310563,0.680436810368004,-1.35073762078044,-1.60438504878082,-13.344588462902,0.538352141422022,-0.29554781837165,0.234867408118849,-0.157622189634368,-0.798914861541195,1.40556128496249,0.278312748275112,-0.015712777553156,-0.00514037290150383,-0.0248340344602348,0.07960713452894,0.464122872398679,-0.296239978085464,0.0547539691616769,-2.61041920432139,4.65040721625497,2.96954932220035,2.97939620685977,-13202.7020865412
1.70921512375427,9.02122034668599,-1.00552969009697,-2.31040392947806,0.295130515016898,-0.114365176491529,-0.0291346084142886,0.0502014329480259,0.680435487811442,-1.35073893471031,-1.60437827647181,-13.3445886354811,0.538354792644693,-0.295551464663784,0.234871455823862,-0.157624748434917,-0.798884467597434,1.40556045735017,0.27832796888178,-0.0157142339936436,-0.00515413101194789,-0.0247935223080112,0.0796079733186559,0.464123856821534,-0.296239802530265,0.0547506376684977,-2.61041381791925,4.65041422232902,2.96956180459342,2.97939489193673,-13202.701842601
1.70921512375427,9.02122034668599,-1.00552969009697,-2.31040392947806,0.295130515016898,-0.114365176491529,-0.0291346084142886,0.0502014329480259,0.680435487811442,-1.35073893471031,-1.60437827647181,-13.3445886354811,0.538354792644693,-0.295551464663784,0.234871455823862,-0.157624748434917,-0.798884467597434,1.40556045735017,0.27832796888178,-0.0157142339936436,-0.00515413101194789,-0.0247935223080112,0.0796079733186559,0.464123856821534,-0.296239802530265,0.0547506376684977,-2.61041381791925,4.65041422232902,2.96956180459342,2.97939489193673,-13202.701842601
1.70921512375427,9.02122034668599,-1.00552969009697,-2.31040392947806,0.295130515016898,-0.114365176491529,-0.0291346084142886,0.0502014329480259,0.680435487811442,-1.35073893471031,-1.60437827647181,-13.3445886354811,0.538354792644693,-0.295551464663784,0.234871455823862,-0.157624748434917,-0.798884467597434,1.40556045735017,0.27832796888178,-0.0157142339936436,-0.00515413101194789,-0.0247935223080112,0.0796079733186559,0.464123856821534,-0.296239802530265,0.0547506376684977,-2.61041381791925,4.65041422232902,2.96956180459342,2.97939489193673,-13202.701842601
1.70926184796283,9.0204633019542,-1.00545014776166,-2.31063645874558,0.295130423453591,-0.114365271565795,-0.0291347194488565,0.050201371145442,0.680430895985517,-1.35075193854131,-1.60430006215511,-13.3450837530061,0.538358170455035,-0.295552680459602,0.234872127495718,-0.157625026069445,-0.798797141327049,1.40553494206109,0.278333327303007,-0.0157142362565837,-0.00515412460613629,-0.0247934956352889,0.0796080612865996,0.464123819323931,-0.296239706277461,0.0547506037980549,-2.61028211895625,4.65088799920176,2.96989112562825,2.97937023352766,-13202.7018358509
